<application>
  <component name="com.intellij.ide.ui.customization.CustomActionsSchema">
    <group value="main.toolbar.Project" is_action="true" action_type="-1" position="0">
      <path value="root" />
      <path value="Main Toolbar" />
      <path value="Left" />
      <option name="myInitialPosition" value="-1" />
    </group>
    <group value="Git.Branches" is_action="true" action_type="1" position="1">
      <path value="root" />
      <path value="Main Toolbar" />
      <path value="Left" />
      <option name="myInitialPosition" value="-1" />
    </group>
    <group value="Annotate" is_action="true" action_type="1" position="2">
      <path value="root" />
      <path value="Main Toolbar" />
      <path value="Left" />
      <option name="myInitialPosition" value="-1" />
    </group>
    <group seperator="true" action_type="1" position="3">
      <path value="root" />
      <path value="Main Toolbar" />
      <path value="Left" />
      <option name="myInitialPosition" value="-1" />
    </group>
    <group value="NewScratchFile" is_action="true" action_type="1" position="4">
      <path value="root" />
      <path value="Main Toolbar" />
      <path value="Left" />
      <option name="myInitialPosition" value="-1" />
    </group>
    <group value="Scratch.ShowFilesPopup" is_action="true" action_type="1" position="5">
      <path value="root" />
      <path value="Main Toolbar" />
      <path value="Left" />
      <option name="myInitialPosition" value="-1" />
    </group>
    <action id="Git.ContextMenu" icon="jar:file:/Users/gilh/Library/Application%20Support/JetBrains/Toolbox/apps/Goland/ch-0/223.8214.59/GoLand.app/Contents/lib/app.jar!/expui/toolbar/unknown.svg" />
    <action id="VimShortcutKeyAction" icon="jar:file:/Users/gilh/Library/Application%20Support/JetBrains/Toolbox/apps/Goland/ch-0/223.8214.59/GoLand.app/Contents/lib/app.jar!/expui/toolbar/unknown.svg" />
    <action id="NewScratchFile" icon="FileChooser.NewFile" />
    <action id="EditorBreadcrumbsShowAbove" icon="jar:file:/Users/gilh/Library/Application%20Support/JetBrains/Toolbox/apps/Goland/ch-0/223.8214.59/GoLand.app/Contents/lib/app.jar!/expui/toolbar/unknown.svg" />
    <action id="Annotate" icon="Console.TableResult.PreviewDml" />
    <action id="Scratch.ShowFilesPopup" icon="FileChooser.ShowHidden" />
  </component>
</application>