<application>
  <component name="FindSettings">
    <option name="customScope" value="Project Files" />
    <option name="defaultScopeName" value="Project Files" />
    <option name="localRegularExpressions" value="true" />
    <option name="localWholeWordsOnly" value="true" />
    <option name="regularExpressions" value="true" />
    <option name="LOCAL_WHOLE_WORDS_ONLY" value="true" />
    <option name="REGULAR_EXPRESSIONS" value="true" />
    <option name="LOCAL_REGULAR_EXPRESSIONS" value="true" />
    <option name="SEARCH_SCOPE" value="Project Files" />
    <option name="FILE_MASK" value="*.go" />
    <mask>*.css</mask>
    <mask>*.html</mask>
    <mask>*.xml</mask>
    <mask>*.go2</mask>
    <mask>*.go</mask>
  </component>
</application>