<application>
  <component name="LanguageInjectionConfiguration">
    <injection language="SQL" injector-id="go">
      <display-name>SQL alter/drop/truncate table</display-name>
      <single-file value="true" />
      <place disabled="true"><![CDATA[goStringLiteralThatMatches(" *(ALTER|DROP|TRUNCATE) +TABLE .*")]]></place>
    </injection>
    <injection language="SQL" injector-id="go">
      <display-name>SQL create table</display-name>
      <single-file value="true" />
      <place disabled="true"><![CDATA[goStringLiteralThatMatches(" *CREATE +((TEMP(ORARY)?|(GLOBAL +TEMPORARY)) +)?TABLE .*\\(.*")]]></place>
    </injection>
    <injection language="SQL" injector-id="go">
      <display-name>SQL create/drop database</display-name>
      <single-file value="true" />
      <place disabled="true"><![CDATA[goStringLiteralThatMatches(" *(CREATE|DROP) +DATABASE .*")]]></place>
    </injection>
    <injection language="SQL" injector-id="go">
      <display-name>SQL delete</display-name>
      <single-file value="true" />
      <place disabled="true"><![CDATA[goStringLiteralThatMatches(" *DELETE +(\\* +)?FROM .*")]]></place>
    </injection>
    <injection language="SQL" injector-id="go">
      <display-name>SQL insert</display-name>
      <single-file value="true" />
      <place disabled="true"><![CDATA[goStringLiteralThatMatches(" *INSERT +((OR +)?IGNORE +)?INTO .*")]]></place>
    </injection>
    <injection language="SQL" injector-id="go">
      <display-name>SQL select</display-name>
      <single-file value="true" />
      <place disabled="true"><![CDATA[goStringLiteralThatMatches(" *SELECT .*FROM .*")]]></place>
    </injection>
    <injection language="SQL" injector-id="go">
      <display-name>SQL update</display-name>
      <single-file value="true" />
      <place disabled="true"><![CDATA[goStringLiteralThatMatches(" *UPDATE .*SET .*")]]></place>
    </injection>
    <injection language="CSS" injector-id="js">
      <display-name>CSS colors</display-name>
      <prefix>div { color:</prefix>
      <suffix>;}</suffix>
      <single-file value="true" />
      <place disabled="true"><![CDATA[jsLiteral().withStringValue(stringMatchesBrics("(((hsla?|rgba?|hwb)\\(([0-9.,%\t]| )*\\))|(\\#(([0-9]|A|B|C|D|E|F){3}|([0-9]|A|B|C|D|E|F){6}|([0-9]|A|B|C|D|E|F){8})))"))]]></place>
    </injection>
    <injection language="CSS" injector-id="js">
      <display-name>DOM element selectors</display-name>
      <single-file value="true" />
      <place disabled="true"><![CDATA[jsArgument(jsReferenceExpression().withReferenceNames("querySelector", "querySelectorAll", "closest"), 0)]]></place>
    </injection>
    <injection language="HTML" injector-id="js">
      <display-name>HTML in JS strings</display-name>
      <single-file value="true" />
      <place disabled="true"><![CDATA[isHtmlLikeText()]]></place>
    </injection>
    <injection language="HTML" injector-id="js">
      <display-name>HTML template literal</display-name>
      <single-file value="true" />
      <place disabled="true"><![CDATA[taggedString("html")]]></place>
      <templateTag>html</templateTag>
    </injection>
    <injection language="SQLite" injector-id="js">
      <display-name>HTML5 SQL Database (SQLite)</display-name>
      <single-file value="true" />
      <place disabled="true"><![CDATA[jsLiteral().and(jsArgument("executeSql", 0))]]></place>
    </injection>
    <injection language="JQuery-CSS" injector-id="js">
      <display-name>JQuery selectors</display-name>
      <suffix>{}</suffix>
      <single-file value="true" />
      <place disabled="true"><![CDATA[jqueryArgument()]]></place>
    </injection>
    <injection language="JavaScript" injector-id="js">
      <display-name>JavaScript in 'eval'</display-name>
      <single-file value="true" />
      <place disabled="true"><![CDATA[jsLiteralExpression(jsArgument(jsReferenceExpression().withQualifiedName("eval"), 0))]]></place>
    </injection>
    <injection language="JavaScript" injector-id="js">
      <display-name>JavaScript in 'setInterval'</display-name>
      <single-file value="true" />
      <place disabled="true"><![CDATA[jsLiteralExpression(jsArgument(jsReferenceExpression().withQualifiedName("setInterval"), 0))]]></place>
      <place disabled="true"><![CDATA[jsLiteralExpression(jsArgument(jsReferenceExpression().withQualifiedName("window.setInterval"), 0))]]></place>
    </injection>
    <injection language="JavaScript" injector-id="js">
      <display-name>JavaScript in 'setTimeout'</display-name>
      <single-file value="true" />
      <place disabled="true"><![CDATA[jsLiteralExpression(jsArgument(jsReferenceExpression().withQualifiedName("setTimeout"), 0))]]></place>
      <place disabled="true"><![CDATA[jsLiteralExpression(jsArgument(jsReferenceExpression().withQualifiedName("window.setTimeout"), 0))]]></place>
    </injection>
    <injection language="JavaScript" injector-id="js">
      <display-name>React JSX in JS strings</display-name>
      <single-file value="true" />
      <place disabled="true"><![CDATA[isReactJSXLikeText()]]></place>
    </injection>
    <injection language="JSRegexp" injector-id="js">
      <display-name>Regexp constructor</display-name>
      <single-file value="true" />
      <place disabled="true"><![CDATA[jsArgument("RegExp", 0)]]></place>
    </injection>
    <injection language="JSUnicodeRegexp" injector-id="js">
      <display-name>Regexp constructor with Unicode flag</display-name>
      <single-file value="true" />
      <place disabled="true"><![CDATA[jsArgument("RegExp", 0).withSuperParent(2, jsCallExpression().withArgument(jsLiteral().withText(hasUnicodeRegexpFlag()), 1))]]></place>
    </injection>
    <injection language="SQL" injector-id="js">
      <display-name>SQL create</display-name>
      <single-file value="true" />
      <place disabled="true"><![CDATA[jsLiteral().withStringValueIgnoringInterpolations(stringMatchesBrics(" *(CREATE|DROP|ALTER) +((TEMPORARY )?TABLE|(UNIQUE )?INDEX) .*"))]]></place>
    </injection>
    <injection language="SQL" injector-id="js">
      <display-name>SQL insert/replace</display-name>
      <single-file value="true" />
      <place disabled="true"><![CDATA[jsLiteral().withStringValueIgnoringInterpolations(stringMatchesBrics(" *(INSERT|REPLACE) .*INTO .*"))]]></place>
    </injection>
    <injection language="SQL" injector-id="js">
      <display-name>SQL select/delete</display-name>
      <single-file value="true" />
      <place disabled="true"><![CDATA[jsLiteral().withStringValueIgnoringInterpolations(stringMatchesBrics(" *(SELECT|DELETE) .*FROM .*"))]]></place>
    </injection>
    <injection language="SQL" injector-id="js">
      <display-name>SQL tagged string</display-name>
      <single-file value="true" />
      <place disabled="true"><![CDATA[taggedString("sql")]]></place>
      <templateTag>sql</templateTag>
    </injection>
    <injection language="SQL" injector-id="js">
      <display-name>SQL update</display-name>
      <single-file value="true" />
      <place disabled="true"><![CDATA[jsLiteral().withStringValueIgnoringInterpolations(stringMatchesBrics(" *UPDATE .* SET .*"))]]></place>
    </injection>
    <injection language="SQL" injector-id="js">
      <display-name>SQL with</display-name>
      <single-file value="true" />
      <place disabled="true"><![CDATA[jsLiteral().withStringValueIgnoringInterpolations(stringMatchesBrics(" *WITH .+ AS *\\(.+"))]]></place>
    </injection>
    <injection language="TSQL" injector-id="js">
      <display-name>Transact-SQL declare</display-name>
      <single-file value="true" />
      <place disabled="true"><![CDATA[jsLiteral().withStringValueIgnoringInterpolations(stringMatchesBrics(" *DECLARE +\\@.*"))]]></place>
    </injection>
    <injection language="SQLite" injector-id="js">
      <display-name>flash.data (SQLite)</display-name>
      <single-file value="true" />
      <place disabled="true"><![CDATA[jsLiteral().and(asAssignedValue("text", "*", "dbStatement"))]]></place>
      <place disabled="true"><![CDATA[jsLiteral().and(asAssignedValue("text", "flash.data.SQLStatement"))]]></place>
    </injection>
    <injection language="JSON" injector-id="sql" pattern="(?i)json(b)?">
      <display-name>(?i)json(b)?</display-name>
      <single-file value="true" />
    </injection>
    <injection language="PostgreSQL" injector-id="sql" pattern="(?i)regclass" fragment="SQL_TABLE_REFERENCE" hosts="PostgreSQL">
      <display-name>(?i)regclass</display-name>
      <single-file value="true" />
    </injection>
    <injection language="PostgreSQL" injector-id="sql" pattern="(?i)regconfig" fragment="SQL_REFERENCE" hosts="PostgreSQL">
      <display-name>(?i)regconfig</display-name>
      <single-file value="true" />
    </injection>
    <injection language="PostgreSQL" injector-id="sql" pattern="(?i)regdictionary" fragment="SQL_REFERENCE" hosts="PostgreSQL">
      <display-name>(?i)regdictionary</display-name>
      <single-file value="true" />
    </injection>
    <injection language="PostgreSQL" injector-id="sql" pattern="(?i)regnamespace" fragment="SQL_SCHEMA_REFERENCE" hosts="PostgreSQL">
      <display-name>(?i)regnamespace</display-name>
      <single-file value="true" />
    </injection>
    <injection language="PostgreSQL" injector-id="sql" pattern="(?i)regoper" fragment="SQL_OPERATOR_REFERENCE" hosts="PostgreSQL">
      <display-name>(?i)regoper</display-name>
      <single-file value="true" />
    </injection>
    <injection language="PostgreSQL" injector-id="sql" pattern="(?i)regoperator" fragment="SQL_OPERATOR_SIGNATURE" hosts="PostgreSQL">
      <display-name>(?i)regoperator</display-name>
      <single-file value="true" />
    </injection>
    <injection language="PostgreSQL" injector-id="sql" pattern="(?i)regproc" fragment="SQL_FUNCTION_REFERENCE" hosts="PostgreSQL">
      <display-name>(?i)regproc</display-name>
      <single-file value="true" />
    </injection>
    <injection language="PostgreSQL" injector-id="sql" pattern="(?i)regprocedure" fragment="SQL_FUNCTION_SIGNATURE" hosts="PostgreSQL">
      <display-name>(?i)regprocedure</display-name>
      <single-file value="true" />
    </injection>
    <injection language="PostgreSQL" injector-id="sql" pattern="(?i)regrole" fragment="SQL_ROLE_REFERENCE" hosts="PostgreSQL">
      <display-name>(?i)regrole</display-name>
      <single-file value="true" />
    </injection>
    <injection language="PostgreSQL" injector-id="sql" pattern="(?i)regtype" fragment="SQL_TYPE_ELEMENT" hosts="PostgreSQL">
      <display-name>(?i)regtype</display-name>
      <single-file value="true" />
    </injection>
    <injection language="XML" injector-id="sql" pattern="(?i)xml(type)?">
      <display-name>(?i)xml(type)?</display-name>
      <single-file value="true" />
    </injection>
    <injection language="JSON" injector-id="sql">
      <display-name>ClickHouse JSON</display-name>
      <single-file value="true" />
      <place disabled="true"><![CDATA[sqlElement().forDialects("ClickHouse").functionArgument(0, sqlFunctionCall().name("visitParamHas", "visitParamExtractUInt", "visitParamExtractInt", "visitParamExtractFloat", "visitParamExtractBool", "visitParamExtractRaw", "visitParamExtractString").params(sqlExpressions().count(2)))]]></place>
      <place disabled="true"><![CDATA[sqlElement().forDialects("ClickHouse").insertWithFormatInput("JSON")]]></place>
    </injection>
    <injection language="RegExp" injector-id="sql">
      <display-name>ClickHouse RegExp</display-name>
      <single-file value="true" />
      <place disabled="true"><![CDATA[sqlElement().forDialects("ClickHouse").functionArgument(1, sqlFunctionCall().name("match", "extract", "extractAll", "Merge").params(sqlExpressions().count(2)))]]></place>
      <place disabled="true"><![CDATA[sqlElement().forDialects("ClickHouse").functionArgument(1, sqlFunctionCall().name("replaceRegexpOne", "replaceRegexpAll").params(sqlExpressions().count(3)))]]></place>
    </injection>
    <injection language="XML" injector-id="sql">
      <display-name>ClickHouse XML</display-name>
      <single-file value="true" />
      <place disabled="true"><![CDATA[sqlElement().forDialects("ClickHouse").insertWithFormatInput("XML")]]></place>
    </injection>
    <injection language="XML" injector-id="sql">
      <display-name>Derby XML</display-name>
      <single-file value="true" />
      <place disabled="true"><![CDATA[sqlElement().forDialects("Derby").functionArgument(0, sqlFunctionCall().name("xmlparse").params(sqlExpressions().count(1)))]]></place>
    </injection>
    <injection language="RegExp" injector-id="sql">
      <display-name>EXASOL RegExp</display-name>
      <single-file value="true" />
      <place disabled="true"><![CDATA[sqlElement().forDialects("Exasol").binaryExpressionArgument(1, sqlBinaryExpression().operation(leafTokens("regexp_like").or("not", "regexp_like")))]]></place>
      <place disabled="true"><![CDATA[sqlElement().forDialects("Exasol").functionArgument(1, sqlFunctionCall().name("regexp_instr", "regexp_substr").params(sqlExpressions().count(2, 4)))]]></place>
      <place disabled="true"><![CDATA[sqlElement().forDialects("Exasol").functionArgument(1, sqlFunctionCall().name("regexp_replace").params(sqlExpressions().count(2, 5)))]]></place>
    </injection>
    <injection language="RegExp" injector-id="sql">
      <display-name>H2 RegExp</display-name>
      <single-file value="true" />
      <place disabled="true"><![CDATA[sqlElement().forDialects("H2").binaryExpressionArgument(1, sqlBinaryExpression().operation(leafTokens("regexp").or("not", "regexp")))]]></place>
      <place disabled="true"><![CDATA[sqlElement().forDialects("H2").functionArgument(1, sqlFunctionCall().name("regexp_like").params(sqlExpressions().count(2, 3)))]]></place>
      <place disabled="true"><![CDATA[sqlElement().forDialects("H2").functionArgument(1, sqlFunctionCall().name("regexp_replace").params(sqlExpressions().count(3, 4)))]]></place>
    </injection>
    <injection language="RegExp" injector-id="sql">
      <display-name>HSQL RegExp</display-name>
      <single-file value="true" />
      <place disabled="true"><![CDATA[sqlElement().forDialects("HSQLDB").functionArgument(1, sqlFunctionCall().name("regexp_matches", "regexp_substring", "regexp_substring_array").params(sqlExpressions().count(2)))]]></place>
      <place disabled="true"><![CDATA[sqlElement().forDialects("HSQLDB").functionArgument(1, sqlFunctionCall().name("regexp_replace").params(sqlExpressions().count(3)))]]></place>
    </injection>
    <injection language="JSON" injector-id="sql">
      <display-name>MySQL CONVERT(..., JSON)</display-name>
      <single-file value="true" />
      <place disabled="true"><![CDATA[sqlElement().forDialects("MySQL").functionArgument(0, sqlFunctionCall().name("convert").params(sqlExpressions().count(1).at(0, sqlExpression().withNextMeaningfulSibling(leafTokens(","), 0).withNextMeaningfulSibling(psiElement().withText("json"), 1))))]]></place>
    </injection>
    <injection language="RegExp" injector-id="sql">
      <display-name>MySQL RegExp</display-name>
      <single-file value="true" />
      <place disabled="true"><![CDATA[sqlElement().forDialects("MySQL").binaryExpressionArgument(1, sqlBinaryExpression().operation(leafTokens("regexp").or("not", "regexp").or("rlike").or("not", "rlike")))]]></place>
      <place disabled="true"><![CDATA[sqlElement().forDialects("MySQL").functionArgument(1, sqlFunctionCall().name("regexp_instr", "regexp_like", "regexp_replace", "regexp_substr").params(sqlExpressions().count(2, 6)))]]></place>
    </injection>
    <injection language="XML" injector-id="sql">
      <display-name>MySQL XML</display-name>
      <single-file value="true" />
      <place disabled="true"><![CDATA[sqlElement().forDialects("MySQL").functionArgument(0, sqlFunctionCall().name("ExtractValue").params(sqlExpressions().count(2)))]]></place>
      <place disabled="true"><![CDATA[sqlElement().forDialects("MySQL").functionArgument(0, sqlFunctionCall().name("UpdateXML").params(sqlExpressions().count(3)))]]></place>
      <place disabled="true"><![CDATA[sqlElement().forDialects("MySQL").functionArgument(2, sqlFunctionCall().name("UpdateXML").params(sqlExpressions().count(3)))]]></place>
    </injection>
    <injection language="JSON" injector-id="sql">
      <display-name>Oracle JSON</display-name>
      <single-file value="true" />
      <place disabled="true"><![CDATA[sqlElement().forDialects("Oracle").functionArgument(0, -1, 1, sqlFunctionCall().name("json_array"))]]></place>
      <place disabled="true"><![CDATA[sqlElement().forDialects("Oracle").functionArgument(0, sqlFunctionCall().name("json_query", "json_value", "json_array_agg"))]]></place>
      <place disabled="true"><![CDATA[sqlElement().forDialects("Oracle").functionArgument(0, sqlFunctionCall().name("json_table"))]]></place>
      <place disabled="true"><![CDATA[sqlElement().forDialects("Oracle").functionArgument(1, -1, 2, sqlFunctionCall().name("json_object"))]]></place>
      <place disabled="true"><![CDATA[sqlElement().forDialects("Oracle").functionArgument(1, sqlFunctionCall().name("json_object_agg"))]]></place>
    </injection>
    <injection language="RegExp" injector-id="sql">
      <display-name>Oracle RegExp</display-name>
      <single-file value="true" />
      <place disabled="true"><![CDATA[sqlElement().forDialects("Oracle").functionArgument(1, sqlFunctionCall().name("regexp_count").params(sqlExpressions().count(2, 4)))]]></place>
      <place disabled="true"><![CDATA[sqlElement().forDialects("Oracle").functionArgument(1, sqlFunctionCall().name("regexp_instr").params(sqlExpressions().count(2, 7)))]]></place>
      <place disabled="true"><![CDATA[sqlElement().forDialects("Oracle").functionArgument(1, sqlFunctionCall().name("regexp_like").params(sqlExpressions().count(2, 3)))]]></place>
      <place disabled="true"><![CDATA[sqlElement().forDialects("Oracle").functionArgument(1, sqlFunctionCall().name("regexp_replace", "regexp_substr").params(sqlExpressions().count(2, 6)))]]></place>
    </injection>
    <injection language="XML" injector-id="sql">
      <display-name>Oracle XML</display-name>
      <single-file value="true" />
      <place disabled="true"><![CDATA[sqlElement().forDialects("Oracle").functionArgument(0, sqlFunctionCall().name("xmlparse", "xmltype").params(sqlExpressions().count(1)))]]></place>
      <place disabled="true"><![CDATA[sqlElement().forDialects("Oracle").functionArgument(0, sqlFunctionCall().name("xmlserialize"))]]></place>
    </injection>
    <injection language="RegExp" injector-id="sql">
      <display-name>PostgreSQL RegExp</display-name>
      <single-file value="true" />
      <place disabled="true"><![CDATA[sqlElement().forDialects("PostgreSQL").binaryExpressionArgument(1, sqlBinaryExpression().left(sqlExpression().withType("text")).operationNames("~", "~*", "!~", "!~*"))]]></place>
      <place disabled="true"><![CDATA[sqlElement().forDialects("PostgreSQL").functionArgument(1, sqlFunctionCall().name("regexp_replace").params(sqlExpressions().count(3, 4)))]]></place>
      <place disabled="true"><![CDATA[sqlElement().forDialects("PostgreSQL").functionArgument(1, sqlFunctionCall().name("substr", "substring", "regexp_match", "regexp_matches", "regexp_split_to_array", "regexp_split_to_table").params(sqlExpressions().count(2, 3)))]]></place>
    </injection>
    <injection language="PostgreSQL" injector-id="sql">
      <display-name>PostgreSQL dblink</display-name>
      <single-file value="true" />
      <place disabled="true"><![CDATA[sqlElement().forDialects("PostgreSQL").functionArgument(0, sqlFunctionCall().name("dblink", "dblink_exec").params(sqlExpressions().count(1, 2).atOpt(1, sqlExpression().withType("boolean"))))]]></place>
      <place disabled="true"><![CDATA[sqlElement().forDialects("PostgreSQL").functionArgument(1, sqlFunctionCall().name("dblink", "dblink_exec").params(sqlExpressions().count(2, 3)))]]></place>
      <place disabled="true"><![CDATA[sqlElement().forDialects("PostgreSQL").functionArgument(1, sqlFunctionCall().name("dblink_open").params(sqlExpressions().count(2, 3).atOpt(2, sqlExpression().withType("boolean"))))]]></place>
      <place disabled="true"><![CDATA[sqlElement().forDialects("PostgreSQL").functionArgument(1, sqlFunctionCall().name("dblink_send_query").params(sqlExpressions().count(2)))]]></place>
      <place disabled="true"><![CDATA[sqlElement().forDialects("PostgreSQL").functionArgument(2, sqlFunctionCall().name("dblink_open").params(sqlExpressions().count(3, 4)))]]></place>
    </injection>
    <injection language="JSON" injector-id="sql">
      <display-name>SQL CAST(... as JSON)</display-name>
      <single-file value="true" />
      <place disabled="true"><![CDATA[sqlElement().forDialects("MySQL", "PostgreSQL").functionArgument(0, sqlFunctionCall().name("cast").params(sqlExpressions().count(1).at(0, sqlExpression().withNextMeaningfulSibling(leafTokens("as"), 0).withNextMeaningfulSibling(psiElement().withText("json"), 1))))]]></place>
    </injection>
    <injection language="JSON" injector-id="sql">
      <display-name>SQL Server JSON</display-name>
      <single-file value="true" />
      <place disabled="true"><![CDATA[sqlElement().forDialects("TSQL").functionArgument(0, sqlFunctionCall().name("openjson").params(sqlExpressions().count(1, 2)))]]></place>
    </injection>
    <injection language="RegExp" injector-id="sql">
      <display-name>Sqlite RegExp</display-name>
      <single-file value="true" />
      <place disabled="true"><![CDATA[sqlElement().forDialects("SQLite").binaryExpressionArgument(1, sqlBinaryExpression().operation(leafTokens("regexp").or("not", "regexp")))]]></place>
    </injection>
    <injection language="XML" injector-id="sql">
      <display-name>Sybase XML</display-name>
      <single-file value="true" />
      <place disabled="true"><![CDATA[sqlElement().forDialects("Sybase").binaryExpressionArgument(1, sqlBinaryExpression().operation(leafTokens("xmltest").or("not", "xmltest")))]]></place>
      <place disabled="true"><![CDATA[sqlElement().forDialects("Sybase").functionArgument(0, sqlFunctionCall().name("xmlparse", "xmlvalidate"))]]></place>
      <place disabled="true"><![CDATA[sqlElement().forDialects("Sybase").functionArgument(1, sqlFunctionCall().name("xmlextract"))]]></place>
    </injection>
    <injection language="JavaScript" injector-id="xml">
      <display-name>*/@href</display-name>
      <value-pattern>^javascript:(.+)</value-pattern>
      <single-file value="true" />
      <place disabled="true"><![CDATA[xmlAttribute().withLocalName(string().equalTo("href")).withParent(xmlTag().withNamespace(string().equalTo("http://www.w3.org/1999/xhtml")))]]></place>
    </injection>
    <injection language="JavaScript" injector-id="xml">
      <display-name>*/@on.*</display-name>
      <single-file value="true" />
      <place disabled="true"><![CDATA[xmlAttribute().withLocalName(string().startsWith("on")).withParent(xmlTag().withNamespace(string().equalTo("http://www.w3.org/1999/xhtml")))]]></place>
    </injection>
    <injection language="CSS" injector-id="xml">
      <display-name>*/@style</display-name>
      <prefix>dummy_selector {</prefix>
      <suffix>}</suffix>
      <single-file value="true" />
      <place disabled="true"><![CDATA[xmlAttribute().withLocalName(string().equalTo("style")).inside(xmlTag().withNamespace(string().equalTo("http://www.w3.org/1999/xhtml")))]]></place>
    </injection>
    <injection language="JavaScript" injector-id="xml">
      <display-name>script</display-name>
      <single-file value="true" />
      <place disabled="true"><![CDATA[xmlTag().withLocalName(string().equalTo("script")).withNamespace(string().equalTo("http://www.w3.org/1999/xhtml"))]]></place>
    </injection>
    <injection language="CSS" injector-id="xml">
      <display-name>style</display-name>
      <single-file value="true" />
      <place disabled="true"><![CDATA[xmlTag().withLocalName(string().equalTo("style")).withNamespace(string().equalTo("http://www.w3.org/1999/xhtml"))]]></place>
      <xpath-condition>lower-case(@type)='text/css'</xpath-condition>
    </injection>
  </component>
</application>