<application>
  <component name="vgo">
    <environment>
      <map>
        <entry key="GONOPROXY">
          <value>
            <list>
              <option value="none " />
            </list>
          </value>
        </entry>
        <entry key="GOPRIVATE">
          <value>
            <list>
              <option value="jfrog.com,github.com/grafeas/grafeas,github.com/Grafeas/Grafeas" />
            </list>
          </value>
        </entry>
        <entry key="GOPROXY">
          <value>
            <list>
              <option value="https://gilh:AKCp8mZT9hyEvo4rPrsEekTnjFnbcrAwnVUioePsgrYWAqTaJYBM6BhKb2yigNHmeC1eq5kdZ@entplus.jfrog.io/artifactory/api/go/dev-master-go-virtual" />
            </list>
          </value>
        </entry>
      </map>
    </environment>
  </component>
</application>