<keymap version="1" name="Windows copy" parent="$default">
  <action id="ActivateFindToolWindow" />
  <action id="ActivateTerminalToolWindow">
    <keyboard-shortcut first-keystroke="alt f12" />
    <keyboard-shortcut first-keystroke="shift ctrl t" />
  </action>
  <action id="ActivateVersionControlToolWindow">
    <keyboard-shortcut first-keystroke="alt 3" />
  </action>
  <action id="ChooseDebugConfiguration">
    <keyboard-shortcut first-keystroke="shift alt f9" />
    <keyboard-shortcut first-keystroke="shift ctrl f5" />
  </action>
  <action id="Console.TableResult.CopyAggregatorResult" />
  <action id="CopyAbsolutePath" />
  <action id="CopyElement" />
  <action id="CopyPaths" />
  <action id="CopyReferencePopupGroup">
    <keyboard-shortcut first-keystroke="shift ctrl c" />
  </action>
  <action id="DatabaseView.CopyDdlAction">
    <keyboard-shortcut first-keystroke="shift ctrl alt g" />
  </action>
  <action id="DatabaseView.ForceRefresh" />
  <action id="Debug">
    <keyboard-shortcut first-keystroke="shift f9" />
    <keyboard-shortcut first-keystroke="f5" />
  </action>
  <action id="EditorCloneCaretAbove">
    <keyboard-shortcut first-keystroke="shift ctrl k" />
  </action>
  <action id="EditorCloneCaretBelow">
    <keyboard-shortcut first-keystroke="shift ctrl j" />
  </action>
  <action id="EditorJoinLines" />
  <action id="FindNext">
    <keyboard-shortcut first-keystroke="ctrl l" />
  </action>
  <action id="ForceRefresh" />
  <action id="Git.Branches" />
  <action id="GoFmtFileAction">
    <keyboard-shortcut first-keystroke="ctrl alt l" />
  </action>
  <action id="GoFmtProjectAction" />
  <action id="GotoDeclaration">
    <keyboard-shortcut first-keystroke="ctrl b" />
    <mouse-shortcut keystroke="control button1" />
  </action>
  <action id="GotoImplementation">
    <keyboard-shortcut first-keystroke="ctrl alt b" />
    <mouse-shortcut keystroke="control alt button1" />
    <mouse-shortcut keystroke="button2" />
  </action>
  <action id="GotoTest" />
  <action id="Graph.RouteEdges" />
  <action id="IntroduceVariable" />
  <action id="QuickJavaDoc">
    <mouse-shortcut keystroke="alt button2" />
    <keyboard-shortcut first-keystroke="ctrl f1" />
  </action>
  <action id="ReformatCode" />
  <action id="RemoteHostView.CopyPaths" />
  <action id="SelectInProjectView">
    <keyboard-shortcut first-keystroke="f3" />
  </action>
  <action id="SelectNextOccurrence">
    <keyboard-shortcut first-keystroke="alt j" />
    <keyboard-shortcut first-keystroke="alt n" />
  </action>
  <action id="ServiceView.ShowServices" />
  <action id="ShowErrorDescription">
    <keyboard-shortcut first-keystroke="ctrl q" />
  </action>
  <action id="TW.ViewModeGroup">
    <keyboard-shortcut first-keystroke="shift ctrl back_quote" second-keystroke="1" />
  </action>
  <action id="Vcs.Log.ShowTooltip">
    <mouse-shortcut keystroke="alt button2" />
  </action>
  <action id="Vcs.Push" />
  <action id="VimPluginToggle">
    <keyboard-shortcut first-keystroke="ctrl alt v" />
  </action>
  <action id="WelcomeScreen.CopyProjectPath" />
  <action id="org.intellij.plugins.markdown.ui.actions.styling.ToggleCodeSpanAction" />
</keymap>